image_id,polygon_id,text,script_language,coordinates
IMG_10,polygon_0,garnet,english,"[1711, 1837, 2490, 2028]"
IMG_10,polygon_1,wipro,english,"[803, 1849, 1343, 2046]"
IMG_10,polygon_2,led,english,"[2242, 2396, 2529, 2592]"
IMG_1,polygon_0,പാലക്കുറവിൽ,malayalam,"[1158, 565, 1553, 661]"
IMG_1,polygon_1,aer,english,"[1729, 1100, 2340, 1388]"
IMG_1,polygon_2,ની,gujarati,"[1432, 1235, 1739, 1469]"
IMG_1,polygon_3,ਅਤਿਆ,punjabi,"[968, 1264, 1272, 1541]"
IMG_1,polygon_4,ਸਿਨਾਤਾ,punjabi,"[1140, 1271, 1199, 1307]"
IMG_1,polygon_5,ਸਿਵਾਈ,punjabi,"[2168, 1727, 2363, 1893]"
IMG_1,polygon_6,leru,english,"[665, 1785, 1326, 2057]"
IMG_1,polygon_7,oyal,english,"[2043, 1949, 2124, 1977]"
IMG_1,polygon_8,દાસ,gujarati,"[2084, 1979, 2135, 2008]"
IMG_11,polygon_0,ਨਾੇਸ,punjabi,"[1594, 1658, 1760, 1740]"
IMG_11,polygon_1,lum,english,"[1150, 1656, 1378, 1756]"
IMG_11,polygon_2,ਰਾਏਲਸ,punjabi,"[1815, 1655, 2090, 1749]"
IMG_11,polygon_3,em,english,"[1421, 1677, 1553, 1740]"
IMG_11,polygon_4,meground,english,"[1648, 1818, 2605, 2047]"
IMG_11,polygon_5,klasafch,english,"[567, 1826, 1503, 2053]"
IMG_11,polygon_6,kangjeibung,english,"[1520, 2080, 2127, 2136]"
IMG_11,polygon_7,keinou,english,"[1169, 2086, 1488, 2140]"
IMG_11,polygon_8,mn01s5312,english,"[946, 3972, 1068, 4004]"
IMG_2,polygon_0,muse,english,"[1157, 921, 1814, 1318]"
IMG_2,polygon_1,state,english,"[517, 1197, 1117, 1585]"
IMG_3,polygon_0,মরা,assamese,"[2272, 976, 2784, 1201]"
IMG_3,polygon_1,লাংবন,assamese,"[1191, 1003, 1979, 1224]"
IMG_3,polygon_2,ટ,gujarati,"[1516, 1671, 1608, 1756]"
IMG_3,polygon_3,மங்கனி,tamil,"[1408, 1682, 2498, 1896]"
IMG_3,polygon_4,ਸਿੰਘ,punjabi,"[1745, 1958, 1852, 2136]"
IMG_3,polygon_5,নাংমাইজিং,assamese,"[1422, 2352, 2294, 2554]"
IMG_16,polygon_0,class,english,"[1411, 1499, 2017, 1698]"
IMG_16,polygon_1,कक्षा,hindi,"[456, 1631, 1032, 1904]"
IMG_16,polygon_2,room,english,"[1403, 1735, 1957, 1940]"
IMG_7,polygon_0,ऋतु,hindi,"[6, 1354, 78, 1473]"
IMG_7,polygon_1,896,punjabi,"[91, 1369, 171, 1505]"
IMG_7,polygon_2,ਸਿ,punjabi,"[101, 1509, 146, 1550]"
IMG_7,polygon_3,ਤੇਸੴਸਵੇ੦ਾ,punjabi,"[911, 1484, 1440, 1671]"
IMG_7,polygon_4,કાપ,gujarati,"[5, 1724, 99, 1898]"
IMG_7,polygon_5,sarmila,english,"[755, 1777, 1605, 1997]"
IMG_7,polygon_6,pharmacy,english,"[555, 2068, 1821, 2306]"
IMG_7,polygon_7,phone,english,"[1628, 2430, 1809, 2478]"
IMG_7,polygon_8,9856192654,english,"[1818, 2439, 2096, 2489]"
IMG_6,polygon_0,लोडस्टोम,marathi,"[1535, 1040, 1876, 1192]"
IMG_6,polygon_1,ਨੲਨਾਪਰਾਸਤਾਪ੍ਰੇਨਟਾਲ,punjabi,"[1314, 1173, 2087, 1348]"
IMG_6,polygon_2,ਸਾਰਾ,punjabi,"[1913, 1942, 2013, 2085]"
IMG_6,polygon_3,੨,punjabi,"[1919, 2131, 2014, 2250]"
IMG_6,polygon_4,definition,english,"[2259, 2293, 2562, 2430]"
IMG_6,polygon_5,gh,english,"[2167, 2371, 2245, 2451]"
IMG_6,polygon_6,machine,english,"[2349, 2375, 2585, 2488]"
IMG_6,polygon_7,nting,english,"[2169, 2431, 2334, 2532]"
IMG_6,polygon_8,ਕਾਰਾ,punjabi,"[1918, 2458, 2009, 2737]"
IMG_6,polygon_9,n,english,"[1922, 2952, 2009, 3069]"
IMG_6,polygon_10,g,english,"[1915, 3110, 2017, 3234]"
IMG_6,polygon_11,paints,english,"[1430, 3817, 1530, 3846]"
IMG_17,polygon_0,lg,english,"[1296, 1340, 1405, 1410]"
IMG_17,polygon_1,ശ്രീ,malayalam,"[828, 1970, 1224, 2255]"
IMG_17,polygon_2,બેકરી,gujarati,"[427, 2449, 643, 2540]"
IMG_17,polygon_3,અતુલ,gujarati,"[160, 2465, 390, 2564]"
IMG_17,polygon_4,gstin,english,"[121, 2584, 248, 2620]"
IMG_17,polygon_5,24akwpc6733c1zb,english,"[283, 2585, 673, 2627]"
IMG_17,polygon_6,,gujarati,"[2577, 2618, 2606, 2652]"
IMG_17,polygon_7,roots,english,"[2614, 2618, 2747, 2653]"
IMG_17,polygon_8,enterprise,english,"[2756, 2620, 2993, 2656]"
IMG_17,polygon_9,103,english,"[173, 2837, 253, 2882]"
IMG_17,polygon_10,મન,gujarati,"[1248, 3250, 1343, 3321]"
IMG_17,polygon_11,૬,gujarati,"[1085, 3255, 1232, 3351]"
IMG_17,polygon_12,shop,english,"[2893, 3273, 2967, 3308]"
IMG_17,polygon_13,tim,english,"[2971, 3273, 3021, 3303]"
IMG_17,polygon_14,1000,english,"[2910, 3323, 2989, 3354]"
IMG_17,polygon_15,to,english,"[2963, 3374, 3001, 3403]"
IMG_17,polygon_16,8,gujarati,"[1693, 3390, 1763, 3433]"
IMG_17,polygon_17,12ઃ30,gujarati,"[2918, 3424, 2998, 3454]"
IMG_17,polygon_18,ઉમ,gujarati,"[1508, 3444, 1550, 3470]"
IMG_17,polygon_19,siab,english,"[1015, 3462, 1085, 3493]"
IMG_17,polygon_20,૧,gujarati,"[768, 3465, 845, 3500]"
IMG_17,polygon_21,bakery,english,"[1018, 3493, 1082, 3516]"
IMG_17,polygon_22,13,gujarati,"[1020, 3515, 1085, 3563]"
IMG_17,polygon_23,orld,english,"[1018, 3563, 1084, 3592]"
IMG_17,polygon_24,00808,gujarati,"[1020, 3589, 1086, 3613]"
IMG_17,polygon_25,শ্রী,assamese,"[1492, 3657, 1672, 3720]"
IMG_17,polygon_26,જઘથારાય,gujarati,"[1596, 3847, 1654, 3862]"
IMG_15,polygon_0,੦੪੦੦,punjabi,"[1380, 1513, 2011, 1735]"
IMG_15,polygon_1,সাণ্চৈ ,assamese,"[2070, 1526, 2592, 1721]"
IMG_15,polygon_2,hmma,english,"[683, 1572, 1363, 1757]"
IMG_15,polygon_3,point,english,"[2155, 1789, 2586, 1894]"
IMG_15,polygon_4,service,english,"[1511, 1798, 2109, 1905]"
IMG_15,polygon_5,digitalind,english,"[2759, 1807, 3019, 1864]"
IMG_15,polygon_6,customer,english,"[694, 1804, 1469, 1911]"
IMG_15,polygon_7,1 વીવ,gujarati,"[420, 1840, 546, 1893]"
IMG_15,polygon_8,digital,english,"[243, 1840, 416, 1898]"
IMG_15,polygon_9,toempon,english,"[2864, 1860, 3020, 1894]"
IMG_15,polygon_10,୮୦୩୧,odia,"[2759, 1863, 2860, 1894]"
IMG_15,polygon_11,0197474,punjabi,"[390, 1892, 535, 1929]"
IMG_15,polygon_12,સ્કાસ,gujarati,"[241, 1895, 341, 1929]"
IMG_15,polygon_13,ਸਾਂ,punjabi,"[345, 1896, 384, 1926]"
IMG_15,polygon_14,ct,english,"[400, 2052, 666, 2321]"
IMG_15,polygon_15,ba,english,"[1897, 2071, 2346, 2301]"
IMG_15,polygon_16,ofc,english,"[1056, 2067, 1707, 2299]"
IMG_15,polygon_17,ભ,gujarati,"[748, 2085, 1030, 2310]"
IMG_15,polygon_18,world,english,"[2006, 2337, 2277, 2415]"
IMG_15,polygon_19,understand,english,"[1178, 2343, 1732, 2423]"
IMG_15,polygon_20,we,english,"[997, 2347, 1150, 2424]"
IMG_15,polygon_21,your,english,"[1754, 2355, 1982, 2435]"
IMG_15,polygon_22,8974073178,english,"[1434, 2559, 1840, 2636]"
IMG_15,polygon_23,singh,english,"[2854, 2571, 3015, 2662]"
IMG_15,polygon_24,பேயர்,tamil,"[2620, 2574, 2846, 2666]"
IMG_15,polygon_25,chanambam,english,"[2259, 2580, 2605, 2652]"
IMG_15,polygon_26,765371290010,english,"[521, 2600, 1046, 2683]"
IMG_15,polygon_27,name,english,"[2102, 2618, 2238, 2657]"
IMG_15,polygon_28,039,punjabi,"[2006, 2619, 2093, 2658]"
IMG_15,polygon_29,657,assamese,"[1117, 2627, 1206, 2666]"
IMG_15,polygon_30,mobile,english,"[1212, 2625, 1388, 2663]"
IMG_15,polygon_31,౧౯౯౭,telugu,"[284, 2628, 371, 2668]"
IMG_15,polygon_32,੦੦੦੬,punjabi,"[379, 2630, 512, 2669]"
IMG_15,polygon_33,7629981950,english,"[1433, 2631, 1829, 2700]"
IMG_15,polygon_34,keinou,english,"[2332, 2766, 2606, 2838]"
IMG_15,polygon_35,bishnupur,english,"[1443, 2776, 1838, 2866]"
IMG_15,polygon_36,csp,english,"[2007, 2798, 2095, 2839]"
IMG_15,polygon_37,location,english,"[2101, 2798, 2333, 2837]"
IMG_15,polygon_38,પાસર,gujarati,"[1118, 2804, 1218, 2842]"
IMG_15,polygon_39,branch,english,"[1224, 2801, 1418, 2841]"
IMG_15,polygon_40,1350,gujarati,"[283, 2806, 384, 2843]"
IMG_15,polygon_41,branch,english,"[390, 2805, 569, 2843]"
IMG_15,polygon_42,code,english,"[574, 2806, 709, 2845]"
IMG_15,polygon_43,sim,english,"[495, 3104, 753, 3240]"
IMG_15,polygon_44,available,english,"[516, 3275, 843, 3360]"
IMG_15,polygon_45,bsnl,english,"[164, 3343, 482, 3518]"
IMG_15,polygon_46,here,english,"[518, 3387, 694, 3460]"
IMG_15,polygon_47,पा,marathi,"[2851, 3383, 3017, 3511]"
IMG_15,polygon_48,aa,english,"[2869, 3553, 3014, 3643]"
IMG_15,polygon_49,ਸਲੇ,punjabi,"[2865, 3662, 3021, 3792]"
IMG_15,polygon_50,ਦਿਰ,punjabi,"[2729, 3732, 2835, 3792]"
IMG_15,polygon_51,aadhaar,english,"[1554, 3814, 2233, 3910]"
IMG_15,polygon_52,248,gujarati,"[2883, 3833, 3021, 3923]"
IMG_15,polygon_53,मेरी,hindi,"[1952, 3898, 2125, 3986]"
IMG_15,polygon_54,पहचान,marathi,"[2143, 3909, 2455, 3984]"
IMG_15,polygon_55,मेरा,marathi,"[1410, 3914, 1574, 3999]"
IMG_15,polygon_56,आधार,marathi,"[1606, 3926, 1892, 3993]"
IMG_4,polygon_0,इक्मला,hindi,"[1138, 1572, 2153, 1849]"
IMG_4,polygon_1,pharmacy,english,"[1084, 1897, 2242, 2244]"
IMG_4,polygon_2,अपना,hindi,"[1417, 1930, 1491, 1985]"
IMG_4,polygon_3,keinou,english,"[1150, 2275, 1607, 2419]"
IMG_4,polygon_4,bazar,english,"[1666, 2286, 2081, 2432]"
IMG_4,polygon_5,ਸੰਵਾ   ,punjabi,"[839, 2869, 1862, 3094]"
IMG_4,polygon_6,pharmacy,english,"[1243, 3103, 2008, 3393]"
IMG_4,polygon_7,sadish,english,"[709, 3143, 1185, 3428]"
IMG_4,polygon_8,ke,english,"[236, 3313, 438, 3524]"
IMG_4,polygon_9,no,english,"[1482, 3447, 1581, 3527]"
IMG_4,polygon_10,ਸਿਰਾਇਆ,punjabi,"[1690, 3434, 1919, 3629]"
IMG_4,polygon_11,licence,english,"[1174, 3453, 1455, 3548]"
IMG_4,polygon_12,  ,gujarati,"[1096, 3543, 1637, 3661]"
IMG_4,polygon_13,3,odia,"[1105, 3641, 1639, 3764]"
IMG_4,polygon_14,4208,gujarati,"[1112, 3744, 1646, 3861]"
IMG_4,polygon_15,bazar,english,"[1454, 3829, 1715, 3923]"
IMG_4,polygon_16,keinou,english,"[1094, 3853, 1394, 3955]"
IMG_5,polygon_0,faculty,english,"[1240, 1345, 2039, 1711]"
IMG_5,polygon_1,संकाय,hindi,"[438, 1589, 912, 1843]"
IMG_5,polygon_2,room,english,"[1227, 1686, 1782, 2007]"
IMG_5,polygon_3,कक्ष,hindi,"[570, 1850, 896, 2070]"
IMG_5,polygon_4,6145,gujarati,"[2855, 3306, 3007, 3427]"
IMG_14,polygon_0,૧,gujarati,"[2281, 1699, 2391, 1916]"
IMG_14,polygon_1,18,punjabi,"[1697, 1789, 2139, 2138]"
IMG_14,polygon_2,ऐ,marathi,"[1343, 1825, 1481, 2015]"
IMG_14,polygon_3,छा.,hindi,"[1358, 2275, 1742, 2521]"
IMG_14,polygon_4,વાતા,gujarati,"[1909, 2284, 2450, 2515]"
IMG_14,polygon_5,૭લ,gujarati,"[871, 2295, 1197, 2541]"
IMG_14,polygon_6,फु चीत शानि,hindi,"[1263, 2519, 2214, 2799]"
File_13,polygon_0, ,gujarati,"[456, 230, 548, 308]"
File_13,polygon_1,ruspata,english,"[1438, 659, 1564, 1037]"
File_13,polygon_2,electronics,english,"[1780, 686, 1892, 1429]"
File_13,polygon_3,imphal,english,"[1926, 688, 2030, 1099]"
File_13,polygon_4,സക്കസ്സ്,malayalam,"[2080, 814, 2168, 1245]"
File_13,polygon_5,கொல்,tamil,"[2196, 993, 2284, 1261]"
File_13,polygon_6,ഇ.എം,malayalam,"[2590, 1086, 2673, 1381]"
File_13,polygon_7,technology,english,"[1920, 1135, 2039, 1884]"
File_13,polygon_8,1988,english,"[2391, 1233, 2472, 1382]"
File_13,polygon_9,ofministry,english,"[2083, 1248, 2180, 1591]"
File_13,polygon_10,ശീമാട്ടി,malayalam,"[2199, 1262, 2274, 1656]"
File_13,polygon_11,પોલીસ,gujarati,"[1526, 1315, 1673, 1558]"
File_13,polygon_12,ശീമാട്ടി,malayalam,"[2385, 1396, 2466, 1709]"
File_13,polygon_13,2,gujarati,"[2584, 1423, 2666, 1648]"
File_13,polygon_14,of,english,"[1778, 1461, 1887, 1603]"
File_13,polygon_15,scientificsociety,english,"[2056, 1598, 2173, 2117]"
File_13,polygon_16,nstitute,english,"[1780, 1627, 1888, 2183]"
File_13,polygon_17,imphal,english,"[2580, 1658, 2659, 1981]"
File_13,polygon_18,technology,english,"[2179, 1668, 2293, 2038]"
File_13,polygon_19,on1st,english,"[2371, 1708, 2460, 1919]"
File_13,polygon_20,information,english,"[1915, 1915, 2025, 2628]"
File_13,polygon_21,கவலை,tamil,"[2381, 1937, 2461, 2254]"
File_13,polygon_22,akampat,english,"[2572, 2001, 2657, 2398]"
File_13,polygon_23,വികസനം,malayalam,"[2176, 2043, 2266, 2478]"
File_13,polygon_24,autonomous,english,"[2077, 2121, 2158, 2518]"
File_13,polygon_25,armid,english,"[1453, 2192, 1546, 2610]"
File_13,polygon_26,ശീമാട്ടി,malayalam,"[1777, 2215, 1880, 2727]"
File_13,polygon_27,ક,gujarati,"[2073, 2520, 2147, 2611]"
File_13,polygon_28,എല്ലാവർക്കും,malayalam,"[1467, 2620, 1546, 2723]"
File_13,polygon_29,೦5,kannada,"[1912, 2656, 2015, 2735]"
File_12,polygon_0,comm,english,"[2093, 325, 2262, 973]"
File_12,polygon_1,কংগ্রেস,bengali,"[2266, 2319, 2446, 2781]"
IMG_19,polygon_0,membership,english,"[286, 436, 491, 481]"
IMG_19,polygon_1,in,english,"[592, 584, 670, 648]"
IMG_19,polygon_2,more,english,"[386, 584, 575, 653]"
IMG_19,polygon_3,shop,english,"[192, 589, 371, 676]"
IMG_19,polygon_4,nike,english,"[339, 655, 510, 724]"
IMG_19,polygon_5,the,english,"[191, 661, 325, 726]"
IMG_19,polygon_6,app,english,"[526, 655, 676, 741]"
IMG_19,polygon_7,barcode,english,"[328, 759, 442, 788]"
IMG_19,polygon_8,for,english,"[446, 758, 488, 785]"
IMG_19,polygon_9,more,english,"[491, 762, 563, 785]"
IMG_19,polygon_10,8૦થી,gujarati,"[196, 763, 267, 791]"
IMG_19,polygon_11,any,english,"[272, 765, 323, 793]"
IMG_19,polygon_12,and,english,"[366, 791, 419, 818]"
IMG_19,polygon_13,colors,english,"[424, 790, 517, 817]"
IMG_19,polygon_14,styles,english,"[280, 792, 360, 826]"
IMG_19,polygon_15,sizes,english,"[197, 794, 275, 824]"
IMG_8,polygon_0,அஂகு,tamil,"[729, 1640, 1255, 1814]"
IMG_8,polygon_1,jomes,english,"[1400, 1636, 2589, 1842]"
IMG_8,polygon_2,high,english,"[273, 1738, 369, 1787]"
IMG_8,polygon_3,inou,english,"[163, 1743, 272, 1866]"
IMG_8,polygon_4,school,english,"[364, 1756, 463, 1928]"
IMG_8,polygon_5,school,english,"[1918, 1840, 2786, 2051]"
IMG_8,polygon_6,keinou,english,"[532, 1853, 1300, 2070]"
IMG_8,polygon_7,high,english,"[1360, 1849, 1861, 2051]"
IMG_8,polygon_8,govt,english,"[989, 2067, 1398, 2147]"
IMG_8,polygon_9,manipur,english,"[1662, 2070, 2293, 2147]"
IMG_8,polygon_10,of,english,"[1442, 2071, 1622, 2147]"
IMG_8,polygon_11,keinou,english,"[1313, 2164, 1624, 2225]"
IMG_8,polygon_12,bazar,english,"[1665, 2165, 1953, 2225]"
IMG_8,polygon_13,bishnupur,english,"[953, 2228, 1405, 2288]"
IMG_8,polygon_14,district,english,"[1429, 2235, 1789, 2290]"
IMG_8,polygon_15,pin,english,"[1831, 2235, 1965, 2290]"
IMG_8,polygon_16,no,english,"[1986, 2236, 2095, 2291]"
IMG_8,polygon_17,795134,english,"[2099, 2235, 2337, 2291]"
IMG_9,polygon_0,wall,english,"[585, 468, 641, 497]"
IMG_9,polygon_1,boundary,english,"[481, 482, 586, 522]"
IMG_9,polygon_2,037088,punjabi,"[1025, 526, 1067, 545]"
IMG_9,polygon_3,waitingroom,english,"[1018, 537, 1082, 560]"
IMG_9,polygon_4,ਸੰਘ,punjabi,"[486, 552, 835, 741]"
IMG_9,polygon_5,sitefor,english,"[1230, 611, 1295, 634]"
IMG_9,polygon_6,hostel,english,"[1296, 621, 1353, 643]"
IMG_9,polygon_7,ਤ੍ਰ,punjabi,"[1110, 683, 1125, 723]"
IMG_9,polygon_8,nical,english,"[0, 691, 69, 732]"
IMG_9,polygon_9,garden,english,"[73, 719, 181, 769]"
IMG_9,polygon_10,ਸਾਰਪਮੇਟ,punjabi,"[778, 760, 816, 818]"
IMG_9,polygon_11,complex,english,"[862, 760, 929, 789]"
IMG_9,polygon_12,dhaba,english,"[601, 782, 656, 810]"
IMG_9,polygon_13,8੦੬,punjabi,"[568, 797, 604, 820]"
IMG_9,polygon_14,047575804,bengali,"[707, 822, 786, 859]"
IMG_9,polygon_15,proposed,english,"[1239, 859, 1288, 875]"
IMG_9,polygon_16,যাদঃ০০০,assamese,"[1495, 877, 1532, 970]"
IMG_9,polygon_17,phase,english,"[713, 904, 766, 932]"
IMG_9,polygon_18,law,english,"[358, 917, 396, 937]"
IMG_9,polygon_19,2110,gujarati,"[682, 920, 713, 942]"
IMG_9,polygon_20,road,english,"[194, 923, 240, 951]"
IMG_9,polygon_21,કપાગઝ,gujarati,"[624, 927, 682, 957]"
IMG_9,polygon_22,8106,punjabi,"[357, 931, 402, 955]"
IMG_9,polygon_23,୦୦,odia,"[724, 929, 763, 970]"
IMG_9,polygon_24,mba,english,"[877, 935, 907, 951]"
IMG_9,polygon_25,bldg,english,"[908, 939, 945, 956]"
IMG_9,polygon_26,ഈ ,malayalam,"[152, 940, 196, 967]"
IMG_9,polygon_27,water,english,"[569, 945, 626, 975]"
IMG_9,polygon_28,complex,english,"[884, 952, 946, 970]"
IMG_9,polygon_29,61166,gujarati,"[1280, 951, 1316, 966]"
IMG_9,polygon_30,qtr,english,"[1315, 955, 1337, 969]"
IMG_9,polygon_31,commerce,english,"[449, 957, 512, 985]"
IMG_9,polygon_32,bldg,english,"[445, 969, 480, 987]"
IMG_9,polygon_33,overhead,english,"[712, 970, 762, 998]"
IMG_9,polygon_34,৭০মোহ,assamese,"[746, 979, 771, 996]"
IMG_9,polygon_35,বহুদে৷সহ,assamese,"[716, 990, 747, 1009]"
IMG_9,polygon_36,കണ്ണൂർ,malayalam,"[1191, 1014, 1252, 1258]"
IMG_9,polygon_37,1811,gujarati,"[686, 1042, 725, 1061]"
IMG_9,polygon_38, ,assamese,"[685, 1054, 725, 1073]"
IMG_9,polygon_39,menialqtr,english,"[935, 1061, 989, 1078]"
IMG_9,polygon_40,61168,gujarati,"[1438, 1091, 1500, 1137]"
IMG_9,polygon_41,house,english,"[1040, 1104, 1073, 1118]"
IMG_9,polygon_42,৫৩৪ন,assamese,"[1009, 1109, 1040, 1123]"
IMG_9,polygon_43,house,english,"[1450, 1116, 1516, 1164]"
IMG_9,polygon_44,ਸਪਾਈ,punjabi,"[1396, 1137, 1423, 1157]"
IMG_9,polygon_45,18unit,english,"[669, 1142, 707, 1161]"
IMG_9,polygon_46,ஊணர,tamil,"[1305, 1148, 1347, 1158]"
IMG_9,polygon_47,౪౦౮౬౬,telugu,"[1402, 1148, 1428, 1166]"
IMG_9,polygon_48,੦੧੧,punjabi,"[668, 1153, 707, 1173]"
IMG_9,polygon_49,treatmentplant,english,"[1297, 1157, 1362, 1169]"
IMG_9,polygon_50,ਸੰਤਾ   ,punjabi,"[1577, 1295, 1844, 1526]"
IMG_9,polygon_51,478,punjabi,"[956, 1350, 987, 1376]"
IMG_9,polygon_52,ringroad,english,"[1346, 1352, 1397, 1374]"
IMG_9,polygon_53,11੧੬,punjabi,"[984, 1370, 1018, 1402]"
IMG_9,polygon_54,ringroad,english,"[1498, 1382, 1553, 1411]"
IMG_9,polygon_55,quarter,english,"[536, 1383, 578, 1485]"
IMG_9,polygon_56,੦ਾ੪,punjabi,"[1014, 1395, 1041, 1419]"
IMG_9,polygon_57, ,malayalam,"[1639, 1395, 1672, 1428]"
IMG_9,polygon_58,ഭരണഘോഷം,malayalam,"[1668, 1424, 1736, 1483]"
IMG_9,polygon_59,,assamese,"[1025, 1446, 1053, 1463]"
IMG_9,polygon_60,১৯৬,assamese,"[432, 1448, 468, 1510]"
IMG_9,polygon_61,கால்,tamil,"[769, 1449, 801, 1564]"
IMG_9,polygon_62,ਕਾਰਾ,punjabi,"[559, 1460, 649, 1527]"
IMG_9,polygon_63,ਹੁ,punjabi,"[527, 1488, 552, 1522]"
IMG_9,polygon_64,4170050506,assamese,"[979, 1494, 1053, 1524]"
IMG_9,polygon_65,8,punjabi,"[980, 1511, 992, 1527]"
IMG_9,polygon_66,ഇ.എം,malayalam,"[397, 1510, 452, 1636]"
IMG_9,polygon_67, ,assamese,"[993, 1516, 1027, 1536]"
IMG_9,polygon_68,শ্রী ,assamese,"[513, 1524, 546, 1581]"
IMG_9,polygon_69,ਨੂੰ,punjabi,"[759, 1566, 783, 1630]"
IMG_9,polygon_70,sports,english,"[1530, 1592, 1617, 1629]"
IMG_9,polygon_71,complex,english,"[1643, 1628, 1720, 1661]"
IMG_9,polygon_72,4040614,gujarati,"[1127, 1640, 1177, 1659]"
IMG_9,polygon_73,pobitara,english,"[1311, 1648, 1352, 1667]"
IMG_9,polygon_74,ഷോപ്പേ,malayalam,"[1133, 1652, 1170, 1669]"
IMG_9,polygon_75,గరకాల,telugu,"[1312, 1660, 1350, 1686]"
IMG_9,polygon_76,ਮਾ,punjabi,"[474, 1675, 515, 1698]"
IMG_9,polygon_77,വികസനം,malayalam,"[549, 1681, 570, 1738]"
IMG_9,polygon_78,quarter,english,"[466, 1687, 518, 1712]"
IMG_9,polygon_79,आदररी,hindi,"[565, 1697, 580, 1731]"
IMG_9,polygon_80,assamtypec,english,"[658, 1714, 768, 1745]"
IMG_9,polygon_81,quarter,english,"[768, 1737, 835, 1765]"
IMG_9,polygon_82,നേത്രം പല,malayalam,"[1472, 1776, 1532, 1804]"
IMG_9,polygon_83,ee,malayalam,"[621, 1785, 681, 1812]"
IMG_9,polygon_84,house,english,"[628, 1797, 670, 1821]"
IMG_9,polygon_85,ഇ.എം,malayalam,"[552, 1802, 637, 1980]"
IMG_9,polygon_86,८५ा६०,hindi,"[1397, 1816, 1438, 1831]"
IMG_9,polygon_87,400,english,"[503, 1813, 569, 1947]"
IMG_9,polygon_88,18પ80,gujarati,"[709, 1840, 748, 1862]"
IMG_9,polygon_89,പിൽ,malayalam,"[1477, 1850, 1520, 1865]"
IMG_9,polygon_90,dtype,english,"[706, 1851, 746, 1873]"
IMG_9,polygon_91,੦੦ਨ1੪,punjabi,"[623, 1854, 652, 1906]"
IMG_9,polygon_92,078,punjabi,"[704, 1866, 737, 1883]"
IMG_9,polygon_93,460,punjabi,"[1780, 1866, 1795, 1879]"
IMG_9,polygon_94,0494071,punjabi,"[1796, 1870, 1835, 1887]"
IMG_9,polygon_95,mens,english,"[1838, 1879, 1864, 1895]"
IMG_9,polygon_96,৭৩৫,assamese,"[599, 1909, 635, 1988]"
IMG_9,polygon_97,internalroad,english,"[846, 1923, 866, 2041]"
IMG_9,polygon_98,academic,english,"[1366, 1942, 1423, 1962]"
IMG_9,polygon_99,bldgii,english,"[1374, 1957, 1417, 1975]"
IMG_9,polygon_100,பமா,tamil,"[658, 1982, 700, 2006]"
IMG_9,polygon_101,੧੭੬,punjabi,"[655, 1995, 686, 2014]"
IMG_9,polygon_102,018,punjabi,"[685, 2006, 710, 2023]"
IMG_9,polygon_103,mcjbldg,english,"[1248, 2017, 1306, 2038]"
IMG_9,polygon_104,tec,english,"[873, 2072, 898, 2087]"
IMG_9,polygon_105,bldg,english,"[901, 2074, 938, 2091]"
IMG_9,polygon_106,garden,english,"[1480, 2092, 1524, 2115]"
IMG_9,polygon_107,000,english,"[764, 2122, 899, 2213]"
IMG_9,polygon_108,হা2মো,assamese,"[1095, 2134, 1113, 2170]"
IMG_9,polygon_109,shopping,english,"[1406, 2136, 1486, 2184]"
IMG_9,polygon_110,academic,english,"[1279, 2140, 1293, 2211]"
IMG_9,polygon_111,ringroad,english,"[1553, 2140, 1608, 2163]"
IMG_9,polygon_112,സക്കസ്സ്,malayalam,"[1291, 2162, 1304, 2214]"
IMG_9,polygon_113,മതതശ്ശി മാവി,malayalam,"[1058, 2165, 1081, 2224]"
IMG_9,polygon_114,മതതശ്ശി മാവി,malayalam,"[1067, 2167, 1092, 2228]"
IMG_9,polygon_115,ചളിപ്പറമ്പ്,malayalam,"[1077, 2170, 1103, 2228]"
IMG_9,polygon_116,boundary,english,"[678, 2203, 800, 2262]"
IMG_9,polygon_117,boundarywal,english,"[1995, 2209, 2022, 2405]"
IMG_9,polygon_118,boundary,english,"[1414, 2220, 1503, 2270]"
IMG_9,polygon_119,wall,english,"[802, 2248, 860, 2288]"
IMG_9,polygon_120,wall,english,"[1503, 2260, 1546, 2291]"
IMG_9,polygon_121,tezpur,english,"[2088, 2280, 2474, 2470]"
IMG_9,polygon_122,postoffsbi,english,"[1609, 2335, 1663, 2351]"
IMG_9,polygon_123,universit,english,"[2493, 2331, 2871, 2503]"
IMG_9,polygon_124,੨,punjabi,"[1286, 2372, 1326, 2423]"
IMG_9,polygon_125,main,english,"[1661, 2408, 1687, 2427]"
IMG_9,polygon_126,6425,assamese,"[1659, 2423, 1687, 2441]"
IMG_9,polygon_127,w,english,"[768, 2471, 830, 2544]"
IMG_9,polygon_128,શ્રી,gujarati,"[1714, 2486, 1745, 2534]"
IMG_9,polygon_129,master,english,"[2267, 2531, 2639, 2694]"
IMG_9,polygon_130,plan,english,"[2653, 2551, 2853, 2696]"
IMG_9,polygon_131,੦,punjabi,"[519, 2590, 570, 2661]"
IMG_9,polygon_132,tezpur,english,"[1808, 2627, 1883, 2684]"
IMG_9,polygon_133,714,gujarati,"[1885, 2668, 1917, 2703]"
IMG_9,polygon_134,panchmile,english,"[1915, 2687, 2021, 2760]"
IMG_18,polygon_0,ઉપગ્રહો,gujarati,"[1098, 449, 1482, 676]"
IMG_18,polygon_1,ભૂઅવલોકન,gujarati,"[518, 586, 1046, 841]"
IMG_18,polygon_2,india,english,"[1321, 699, 1558, 844]"
IMG_18,polygon_3,ભારતના,gujarati,"[193, 732, 482, 874]"
IMG_18,polygon_4,of,english,"[1196, 746, 1301, 867]"
IMG_18,polygon_5,satellites,english,"[787, 770, 1178, 942]"
IMG_18,polygon_6,observation,english,"[367, 852, 774, 1014]"
IMG_18,polygon_7,୧ଥରାପି୫ ଥ୫,odia,"[1256, 926, 1465, 994]"
IMG_18,polygon_8,earth,english,"[193, 934, 357, 1042]"
IMG_18,polygon_9,અલગ,gujarati,"[1144, 967, 1243, 1011]"
IMG_18,polygon_10,અલગ,gujarati,"[1037, 984, 1131, 1028]"
IMG_18,polygon_11,જે,gujarati,"[995, 992, 1026, 1035]"
IMG_18,polygon_12,છે,gujarati,"[946, 996, 983, 1046]"
IMG_18,polygon_13,કર્યો,gujarati,"[877, 1001, 938, 1053]"
IMG_18,polygon_14,પ્રસ્થાપિત,gujarati,"[739, 1012, 868, 1074]"
IMG_18,polygon_15,છે,gujarati,"[1265, 1023, 1307, 1074]"
IMG_18,polygon_16,પાડે,gujarati,"[1186, 1027, 1249, 1084]"
IMG_18,polygon_17,પુરી,gujarati,"[1112, 1042, 1175, 1107]"
IMG_18,polygon_18,સમુહ,gujarati,"[664, 1047, 729, 1096]"
IMG_18,polygon_19,મોટો,gujarati,"[597, 1049, 655, 1094]"
IMG_18,polygon_20,માટે,gujarati,"[1038, 1049, 1098, 1104]"
IMG_18,polygon_21,સૌથી,gujarati,"[525, 1056, 589, 1105]"
IMG_18,polygon_22,ઉપયોગો,gujarati,"[904, 1066, 1028, 1123]"
IMG_18,polygon_23,ઉપગ્રહોનો,gujarati,"[405, 1069, 519, 1122]"
IMG_18,polygon_24,વિભિન્ન,gujarati,"[801, 1085, 893, 1137]"
IMG_18,polygon_25,ભૂઅવલોકન,gujarati,"[260, 1085, 397, 1152]"
IMG_18,polygon_26,છબીમાહિતી,gujarati,"[634, 1098, 791, 1159]"
IMG_18,polygon_27,ભારતે,gujarati,"[193, 1105, 254, 1152]"
IMG_18,polygon_28,વિભાગોની,gujarati,"[502, 1121, 625, 1175]"
IMG_18,polygon_29,satellites,english,"[1331, 1125, 1552, 1186]"
IMG_18,polygon_30,વર્ણપટિય,gujarati,"[388, 1140, 494, 1194]"
IMG_18,polygon_31,અને,gujarati,"[332, 1152, 379, 1197]"
IMG_18,polygon_32,பீரு   உப்பை,tamil,"[1073, 1155, 1319, 1216]"
IMG_18,polygon_33,સંબંધી,gujarati,"[257, 1161, 326, 1206]"
IMG_18,polygon_34,અંતર,gujarati,"[193, 1175, 249, 1213]"
IMG_18,polygon_35,earth,english,"[964, 1183, 1064, 1228]"
IMG_18,polygon_36,of,english,"[914, 1195, 955, 1236]"
IMG_18,polygon_37,for,english,"[1349, 1197, 1418, 1239]"
IMG_18,polygon_38,constellation,english,"[682, 1204, 905, 1258]"
IMG_18,polygon_39,bands,english,"[1207, 1205, 1337, 1253]"
IMG_18,polygon_40,spectral,english,"[1038, 1220, 1197, 1277]"
IMG_18,polygon_41,largest,english,"[561, 1232, 674, 1276]"
IMG_18,polygon_42,and,english,"[955, 1237, 1026, 1280]"
IMG_18,polygon_43,the,english,"[505, 1241, 556, 1278]"
IMG_18,polygon_44,established,english,"[333, 1247, 497, 1293]"
IMG_18,polygon_45,resolutions,english,"[745, 1249, 947, 1299]"
IMG_18,polygon_46,has,english,"[277, 1265, 327, 1300]"
IMG_18,polygon_47,spatial,english,"[629, 1267, 739, 1317]"
IMG_18,polygon_48,india,english,"[202, 1271, 271, 1307]"
IMG_18,polygon_49,of,english,"[586, 1278, 622, 1315]"
IMG_18,polygon_50,variety,english,"[471, 1285, 578, 1328]"
IMG_18,polygon_51,in,english,"[409, 1297, 440, 1330]"
IMG_18,polygon_52,૧,gujarati,"[447, 1302, 466, 1327]"
IMG_18,polygon_53,તેમ18,gujarati,"[342, 1303, 403, 1336]"
IMG_18,polygon_54,ஹாமாப்பிப்படி,tamil,"[202, 1308, 335, 1354]"
IMG_18,polygon_55,applications,english,"[330, 1335, 514, 1386]"
IMG_18,polygon_56,different,english,"[205, 1353, 324, 1389]"
IMG_18,polygon_57,irsp3,english,"[1284, 1540, 1366, 1581]"
IMG_18,polygon_58,irs1c,english,"[975, 1552, 1041, 1590]"
IMG_18,polygon_59,irsp2,english,"[746, 1560, 811, 1597]"
IMG_18,polygon_60,irs1e,english,"[521, 1568, 572, 1602]"
IMG_18,polygon_61,irs1a1b,english,"[266, 1573, 347, 1607]"
IMG_18,polygon_62,march21,english,"[1283, 1587, 1329, 1606]"
IMG_18,polygon_63,1996,english,"[1332, 1586, 1360, 1604]"
IMG_18,polygon_64,1995,english,"[1038, 1593, 1061, 1611]"
IMG_18,polygon_65,december28,english,"[975, 1594, 1034, 1613]"
IMG_18,polygon_66,october15,english,"[744, 1602, 789, 1619]"
IMG_18,polygon_67,1994,gujarati,"[789, 1600, 811, 1618]"
IMG_18,polygon_68,septamber201993,english,"[520, 1606, 592, 1624]"
IMG_18,polygon_69,mos,english,"[1325, 1609, 1355, 1627]"
IMG_18,polygon_70,xray,english,"[1354, 1608, 1388, 1628]"
IMG_18,polygon_71,march171988,english,"[264, 1611, 312, 1625]"
IMG_18,polygon_72,wifs,english,"[1295, 1610, 1325, 1628]"
IMG_18,polygon_73,1188,gujarati,"[976, 1616, 1020, 1634]"
IMG_18,polygon_74,pan,english,"[1020, 1615, 1044, 1633]"
IMG_18,polygon_75,wifs,english,"[1044, 1614, 1070, 1633]"
IMG_18,polygon_76,11882,gujarati,"[746, 1622, 784, 1639]"
IMG_18,polygon_77,angust29190,english,"[264, 1626, 315, 1642]"
IMG_18,polygon_78,2050,assamese,"[521, 1626, 553, 1642]"
IMG_18,polygon_79,10318,bengali,"[266, 1645, 304, 1660]"
IMG_18,polygon_80,irs1d,english,"[262, 1847, 308, 1879]"
IMG_18,polygon_81,oceansat1irsp4,english,"[461, 1853, 627, 1893]"
IMG_18,polygon_82,tes,english,"[737, 1863, 773, 1898]"
IMG_18,polygon_83,resourcesat1,english,"[928, 1872, 1085, 1913]"
IMG_18,polygon_84,septomber291997,english,"[261, 1882, 325, 1899]"
IMG_18,polygon_85,irsp6,english,"[1090, 1875, 1184, 1919]"
IMG_18,polygon_86,cartosat1,english,"[1262, 1883, 1399, 1925]"
IMG_18,polygon_87,may261999,english,"[460, 1889, 507, 1906]"
IMG_18,polygon_88,irsp5,english,"[1405, 1886, 1512, 1933]"
IMG_18,polygon_89,lissilpanwies,english,"[263, 1901, 329, 1918]"
IMG_18,polygon_90,0222 22201,gujarati,"[737, 1902, 805, 1921]"
IMG_18,polygon_91,ocmmsmr,english,"[461, 1909, 513, 1926]"
IMG_18,polygon_92,october17,english,"[926, 1913, 971, 1930]"
IMG_18,polygon_93,2003,gujarati,"[972, 1914, 999, 1932]"
IMG_18,polygon_94,pan,english,"[739, 1923, 766, 1940]"
IMG_18,polygon_95,may5,english,"[1260, 1926, 1292, 1945]"
IMG_18,polygon_96,2005,english,"[1293, 1928, 1324, 1946]"
IMG_18,polygon_97,162111155,gujarati,"[928, 1934, 992, 1953]"
IMG_18,polygon_98,ivawifs,english,"[993, 1936, 1033, 1955]"
IMG_18,polygon_99,panforealt,english,"[1263, 1950, 1345, 1970]"
